{"lbfgs": {"l2": 0.564290683157742, "l1": 0.0, "None": 0.7707464916631579}, "liblinear": {"l2": 2.840829866845161, "l1": 77.6929565913044, "None": 0.0}, "newton-cg": {"l2": 3.4908338082954287, "l1": 0.0, "None": 599.0698456333018}, "newton-cholesky": {"l2": 3.302652733400464, "l1": 0.0, "None": 3.6906113335862756}, "sag": {"l2": 9.198326216544956, "l1": 0.0, "None": 9.25846246657893}, "saga": {"l2": 9.793242133688182, "l1": 13.505848625022917, "None": 9.716461958177387}}