{"lbfgs": {"l2": 0.9299999999999975, "l1": 0.0, "None": 0.7799999999999918}, "liblinear": {"l2": 0.9399999999999964, "l1": 0.8200000000000096, "None": 0.0}, "newton-cg": {"l2": 0.9299999999999975, "l1": 0.0, "None": 49.46}, "newton-cholesky": {"l2": 0.9299999999999975, "l1": 0.0, "None": 0.8000000000000007}, "sag": {"l2": 0.9399999999999964, "l1": 0.0, "None": 0.8220000000000005}, "saga": {"l2": 0.9720000000000062, "l1": 0.9419999999999873, "None": 0.9399999999999964}}