{"hinge": {"l2": 9.862298760004341, "l1": 0.0}, "squared_hinge": {"l2": 10.340957320015878, "l1": 0.0}}