{"hinge": {"l2": 1.1620000000000075, "l1": 0.0}, "squared_hinge": {"l2": 0.8639999999999981, "l1": 0.0}}